Timestamp, Path, Substituted Path, Result
2023-06-20 00:51:58,"[20, 15, 10, 5, 0]","['E', '@', ';', '5', '0']",Attempting to decrypt data partition or user data via command line.\nAttempting to decrypt FBE for user 0...\nFailed to decrypt user 0\n,
2023-06-20 00:52:09,"[20, 15, 10, 5, 0, 1]","['E', '@', ';', '5', '0', '1']",Attempting to decrypt data partition or user data via command line.\nAttempting to decrypt FBE for user 0...\nFailed to decrypt user 0\n,
2023-06-20 00:52:21,"[20, 15, 10, 5, 0, 1, 2]","['E', '@', ';', '5', '0', '1', '2']",Attempting to decrypt data partition or user data via command line.\nAttempting to decrypt FBE for user 0...\nFailed to decrypt user 0\n,
2023-06-20 00:52:43,"[20, 15, 10, 5, 0]","['E', '@', ';', '5', '0']",Attempting to decrypt data partition or user data via command line.\nAttempting to decrypt FBE for user 0...\nFailed to decrypt user 0\n,
2023-06-20 00:53:06,"[20, 15, 10, 5, 0]","['E', '@', ';', '5', '0']",Attempting to decrypt data partition or user data via command line.\nAttempting to decrypt FBE for user 0...\nFailed to decrypt user 0\n,
2023-06-20 00:53:32,"[20, 15, 10, 5, 0]","['E', '@', ';', '5', '0']",Attempting to decrypt data partition or user data via command line.\nAttempting to decrypt FBE for user 0...\nFailed to decrypt user 0\n,
2023-06-20 00:53:44,"[20, 15, 10, 5, 0, 1]","['E', '@', ';', '5', '0', '1']",Attempting to decrypt data partition or user data via command line.\nAttempting to decrypt FBE for user 0...\nFailed to decrypt user 0\n,
2023-06-20 00:53:57,"[20, 15, 10, 5, 0, 1, 2]","['E', '@', ';', '5', '0', '1', '2']",Attempting to decrypt data partition or user data via command line.\nAttempting to decrypt FBE for user 0...\nFailed to decrypt user 0\n,
2023-06-20 00:54:09,"[20, 15, 10, 5, 0, 1, 2, 3]","['E', '@', ';', '5', '0', '1', '2', '3']",Attempting to decrypt data partition or user data via command line.\nAttempting to decrypt FBE for user 0...\nFailed to decrypt user 0\n,
2023-06-20 00:54:20,"[20, 15, 10, 5, 0, 1, 2, 3, 4]","['E', '@', ';', '5', '0', '1', '2', '3', '4']",Attempting to decrypt data partition or user data via command line.\nAttempting to decrypt FBE for user 0...\nFailed to decrypt user 0\n,
2023-06-20 00:54:33,"[20, 15, 10, 5, 0, 1, 2, 3, 4, 8]","['E', '@', ';', '5', '0', '1', '2', '3', '4', '8']",Attempting to decrypt data partition or user data via command line.\nAttempting to decrypt FBE for user 0...\nFailed to decrypt user 0\n,
2023-06-20 00:54:44,"[20, 15, 10, 5, 0, 1, 2, 3, 4, 8, 7]","['E', '@', ';', '5', '0', '1', '2', '3', '4', '8', '7']",Attempting to decrypt data partition or user data via command line.\nAttempting to decrypt FBE for user 0...\nFailed to decrypt user 0\n,
2023-06-20 00:54:56,"[20, 15, 10, 5, 0, 1, 2, 3, 4, 8, 7, 11]","['E', '@', ';', '5', '0', '1', '2', '3', '4', '8', '7', '<']",Attempting to decrypt data partition or user data via command line.\nAttempting to decrypt FBE for user 0...\nFailed to decrypt user 0\n,
2023-06-20 00:55:09,"[20, 15, 10, 5, 0, 1, 2, 3, 4, 8, 7, 11, 12]","['E', '@', ';', '5', '0', '1', '2', '3', '4', '8', '7', '<', '=']",Attempting to decrypt data partition or user data via command line.\nAttempting to decrypt FBE for user 0...\nFailed to decrypt user 0\n,
2023-06-20 00:55:20,"[20, 15, 10, 5, 0, 1, 2, 3, 4, 8, 7, 11, 12, 13]","['E', '@', ';', '5', '0', '1', '2', '3', '4', '8', '7', '<', '=', '>']",Attempting to decrypt data partition or user data via command line.\nAttempting to decrypt FBE for user 0...\nFailed to decrypt user 0\n,
2023-06-20 00:55:32,"[20, 15, 10, 5, 0, 1, 2, 3, 4, 8, 7, 11, 12, 13, 14]","['E', '@', ';', '5', '0', '1', '2', '3', '4', '8', '7', '<', '=', '>', '?']",Attempting to decrypt data partition or user data via command line.\nAttempting to decrypt FBE for user 0...\nFailed to decrypt user 0\n,
2023-06-20 00:55:44,"[20, 15, 10, 5, 0, 1, 2, 3, 4, 8, 7, 11, 12, 13, 14, 18]","['E', '@', ';', '5', '0', '1', '2', '3', '4', '8', '7', '<', '=', '>', '?', 'C']",Attempting to decrypt data partition or user data via command line.\nAttempting to decrypt FBE for user 0...\nFailed to decrypt user 0\n,
2023-06-20 00:55:56,"[20, 15, 10, 5, 0, 1, 2, 3, 4, 8, 7, 11, 12, 13, 14, 18, 17]","['E', '@', ';', '5', '0', '1', '2', '3', '4', '8', '7', '<', '=', '>', '?', 'C', 'B']",Attempting to decrypt data partition or user data via command line.\nAttempting to decrypt FBE for user 0...\nFailed to decrypt user 0\n,
2023-06-20 00:56:09,"[20, 15, 10, 5, 0, 1, 2, 3, 4, 8, 7, 11, 12, 13, 14, 18, 17, 22]","['E', '@', ';', '5', '0', '1', '2', '3', '4', '8', '7', '<', '=', '>', '?', 'C', 'B', 'G']",Attempting to decrypt data partition or user data via command line.\nAttempting to decrypt FBE for user 0...\nFailed to decrypt user 0\n,
2023-06-20 00:56:21,"[20, 15, 10, 5, 0, 1, 2, 3, 4, 8, 7, 11, 12, 13, 14, 18, 17, 22, 23]","['E', '@', ';', '5', '0', '1', '2', '3', '4', '8', '7', '<', '=', '>', '?', 'C', 'B', 'G', 'H']",Attempting to decrypt data partition or user data via command line.\nAttempting to decrypt FBE for user 0...\nFailed to decrypt user 0\n,
2023-06-20 00:56:33,"[20, 15, 10, 5, 0, 1, 2, 3, 4, 8, 7, 11, 12, 13, 14, 18, 17, 22, 23, 19]","['E', '@', ';', '5', '0', '1', '2', '3', '4', '8', '7', '<', '=', '>', '?', 'C', 'B', 'G', 'H', 'D']",Attempting to decrypt data partition or user data via command line.\nAttempting to decrypt FBE for user 0...\nFailed to decrypt user 0\n,
2023-06-20 00:56:44,"[20, 15, 10, 5, 0, 1, 2, 3, 4, 8, 7, 11, 12, 13, 14, 18, 17, 22, 23, 19, 24]","['E', '@', ';', '5', '0', '1', '2', '3', '4', '8', '7', '<', '=', '>', '?', 'C', 'B', 'G', 'H', 'D', 'I']",Attempting to decrypt data partition or user data via command line.\nAttempting to decrypt FBE for user 0...\nFailed to decrypt user 0\n,
2023-06-20 00:56:57,"[20, 15, 10, 5, 0, 1, 2, 3, 4, 8, 7, 11, 12, 13, 14, 18, 17, 22, 23, 24]","['E', '@', ';', '5', '0', '1', '2', '3', '4', '8', '7', '<', '=', '>', '?', 'C', 'B', 'G', 'H', 'I']",Attempting to decrypt data partition or user data via command line.\nAttempting to decrypt FBE for user 0...\nFailed to decrypt user 0\n,
2023-06-20 00:57:09,"[20, 15, 10, 5, 0, 1, 2, 3, 4, 8, 7, 11, 12, 13, 14, 18, 17, 22, 23, 24, 19]","['E', '@', ';', '5', '0', '1', '2', '3', '4', '8', '7', '<', '=', '>', '?', 'C', 'B', 'G', 'H', 'I', 'D']",Attempting to decrypt data partition or user data via command line.\nAttempting to decrypt FBE for user 0...\nFailed to decrypt user 0\n,
2023-06-20 00:57:21,"[20, 15, 10, 5, 0, 1, 2, 3, 4, 8, 7, 11, 12, 13, 14, 18, 17, 23]","['E', '@', ';', '5', '0', '1', '2', '3', '4', '8', '7', '<', '=', '>', '?', 'C', 'B', 'H']",Attempting to decrypt data partition or user data via command line.\nAttempting to decrypt FBE for user 0...\nFailed to decrypt user 0\n,
2023-06-20 00:57:33,"[20, 15, 10, 5, 0, 1, 2, 3, 4, 8, 7, 11, 12, 13, 14, 18, 17, 23, 19]","['E', '@', ';', '5', '0', '1', '2', '3', '4', '8', '7', '<', '=', '>', '?', 'C', 'B', 'H', 'D']",Attempting to decrypt data partition or user data via command line.\nAttempting to decrypt FBE for user 0...\nFailed to decrypt user 0\n,
2023-06-20 00:57:44,"[20, 15, 10, 5, 0, 1, 2, 3, 4, 8, 7, 11, 12, 13, 14, 18, 17, 23, 19, 24]","['E', '@', ';', '5', '0', '1', '2', '3', '4', '8', '7', '<', '=', '>', '?', 'C', 'B', 'H', 'D', 'I']",Attempting to decrypt data partition or user data via command line.\nAttempting to decrypt FBE for user 0...\nFailed to decrypt user 0\n,
2023-06-20 00:57:56,"[20, 15, 10, 5, 0, 1, 2, 3, 4, 8, 7, 11, 12, 13, 14, 18, 17, 23, 22]","['E', '@', ';', '5', '0', '1', '2', '3', '4', '8', '7', '<', '=', '>', '?', 'C', 'B', 'H', 'G']",Attempting to decrypt data partition or user data via command line.\nAttempting to decrypt FBE for user 0...\nFailed to decrypt user 0\n,
2023-06-20 00:58:09,"[20, 15, 10, 5, 0, 1, 2, 3, 4, 8, 7, 11, 12, 13, 14, 18, 17, 23, 24]","['E', '@', ';', '5', '0', '1', '2', '3', '4', '8', '7', '<', '=', '>', '?', 'C', 'B', 'H', 'I']",Attempting to decrypt data partition or user data via command line.\nAttempting to decrypt FBE for user 0...\nFailed to decrypt user 0\n,
2023-06-20 00:58:20,"[20, 15, 10, 5, 0, 1, 2, 3, 4, 8, 7, 11, 12, 13, 14, 18, 17, 23, 24, 19]","['E', '@', ';', '5', '0', '1', '2', '3', '4', '8', '7', '<', '=', '>', '?', 'C', 'B', 'H', 'I', 'D']",Attempting to decrypt data partition or user data via command line.\nAttempting to decrypt FBE for user 0...\nFailed to decrypt user 0\n,
2023-06-20 00:58:32,"[20, 15, 10, 5, 0, 1, 2, 3, 4, 8, 7, 11, 12, 13, 14, 18, 19]","['E', '@', ';', '5', '0', '1', '2', '3', '4', '8', '7', '<', '=', '>', '?', 'C', 'D']",Attempting to decrypt data partition or user data via command line.\nAttempting to decrypt FBE for user 0...\nFailed to decrypt user 0\n,
2023-06-20 00:58:44,"[20, 15, 10, 5, 0, 1, 2, 3, 4, 8, 7, 11, 12, 13, 14, 18, 19, 23]","['E', '@', ';', '5', '0', '1', '2', '3', '4', '8', '7', '<', '=', '>', '?', 'C', 'D', 'H']",Attempting to decrypt data partition or user data via command line.\nAttempting to decrypt FBE for user 0...\nFailed to decrypt user 0\n,
2023-06-20 00:58:56,"[20, 15, 10, 5, 0, 1, 2, 3, 4, 8, 7, 11, 12, 13, 14, 18, 19, 23, 17]","['E', '@', ';', '5', '0', '1', '2', '3', '4', '8', '7', '<', '=', '>', '?', 'C', 'D', 'H', 'B']",Attempting to decrypt data partition or user data via command line.\nAttempting to decrypt FBE for user 0...\nFailed to decrypt user 0\n,
2023-06-20 00:59:09,"[20, 15, 10, 5, 0, 1, 2, 3, 4, 8, 7, 11, 12, 13, 14, 18, 19, 23, 17, 22]","['E', '@', ';', '5', '0', '1', '2', '3', '4', '8', '7', '<', '=', '>', '?', 'C', 'D', 'H', 'B', 'G']",Attempting to decrypt data partition or user data via command line.\nAttempting to decrypt FBE for user 0...\nFailed to decrypt user 0\n,
2023-06-20 00:59:21,"[20, 15, 10, 5, 0, 1, 2, 3, 4, 8, 7, 11, 12, 13, 14, 18, 19, 23, 22]","['E', '@', ';', '5', '0', '1', '2', '3', '4', '8', '7', '<', '=', '>', '?', 'C', 'D', 'H', 'G']",Attempting to decrypt data partition or user data via command line.\nAttempting to decrypt FBE for user 0...\nFailed to decrypt user 0\n,
2023-06-20 00:59:33,"[20, 15, 10, 5, 0, 1, 2, 3, 4, 8, 7, 11, 12, 13, 14, 18, 19, 23, 22, 17]","['E', '@', ';', '5', '0', '1', '2', '3', '4', '8', '7', '<', '=', '>', '?', 'C', 'D', 'H', 'G', 'B']",Attempting to decrypt data partition or user data via command line.\nAttempting to decrypt FBE for user 0...\nFailed to decrypt user 0\n,
2023-06-20 00:59:44,"[20, 15, 10, 5, 0, 1, 2, 3, 4, 8, 7, 11, 12, 13, 14, 18, 19, 23, 24]","['E', '@', ';', '5', '0', '1', '2', '3', '4', '8', '7', '<', '=', '>', '?', 'C', 'D', 'H', 'I']",Attempting to decrypt data partition or user data via command line.\nAttempting to decrypt FBE for user 0...\nFailed to decrypt user 0\n,
2023-06-20 00:59:57,"[20, 15, 10, 5, 0, 1, 2, 3, 4, 8, 7, 11, 12, 13, 14, 18, 19, 24]","['E', '@', ';', '5', '0', '1', '2', '3', '4', '8', '7', '<', '=', '>', '?', 'C', 'D', 'I']",Attempting to decrypt data partition or user data via command line.\nAttempting to decrypt FBE for user 0...\nFailed to decrypt user 0\n,
2023-06-20 01:00:08,"[20, 15, 10, 5, 0, 1, 2, 3, 4, 8, 7, 11, 12, 13, 14, 18, 19, 24, 23]","['E', '@', ';', '5', '0', '1', '2', '3', '4', '8', '7', '<', '=', '>', '?', 'C', 'D', 'I', 'H']",Attempting to decrypt data partition or user data via command line.\nAttempting to decrypt FBE for user 0...\nFailed to decrypt user 0\n,
2023-06-20 01:00:21,"[20, 15, 10, 5, 0, 1, 2, 3, 4, 8, 7, 11, 12, 13, 14, 18, 19, 24, 23, 17]","['E', '@', ';', '5', '0', '1', '2', '3', '4', '8', '7', '<', '=', '>', '?', 'C', 'D', 'I', 'H', 'B']",Attempting to decrypt data partition or user data via command line.\nAttempting to decrypt FBE for user 0...\nFailed to decrypt user 0\n,
2023-06-20 01:00:32,"[20, 15, 10, 5, 0, 1, 2, 3, 4, 8, 7, 11, 12, 13, 14, 18, 19, 24, 23, 17, 22]","['E', '@', ';', '5', '0', '1', '2', '3', '4', '8', '7', '<', '=', '>', '?', 'C', 'D', 'I', 'H', 'B', 'G']",Attempting to decrypt data partition or user data via command line.\nAttempting to decrypt FBE for user 0...\nFailed to decrypt user 0\n,
2023-06-20 01:00:44,"[20, 15, 10, 5, 0, 1, 2, 3, 4, 8, 7, 11, 12, 13, 14, 18, 19, 24, 23, 22]","['E', '@', ';', '5', '0', '1', '2', '3', '4', '8', '7', '<', '=', '>', '?', 'C', 'D', 'I', 'H', 'G']",Attempting to decrypt data partition or user data via command line.\nAttempting to decrypt FBE for user 0...\nFailed to decrypt user 0\n,
2023-06-20 01:00:57,"[20, 15, 10, 5, 0, 1, 2, 3, 4, 8, 7, 11, 12, 13, 14, 18, 19, 24, 23, 22, 17]","['E', '@', ';', '5', '0', '1', '2', '3', '4', '8', '7', '<', '=', '>', '?', 'C', 'D', 'I', 'H', 'G', 'B']",Attempting to decrypt data partition or user data via command line.\nAttempting to decrypt FBE for user 0...\nFailed to decrypt user 0\n,
2023-06-20 01:01:09,"[20, 15, 10, 5, 0, 1, 2, 3, 4, 8, 7, 11, 12, 13, 14, 18, 22]","['E', '@', ';', '5', '0', '1', '2', '3', '4', '8', '7', '<', '=', '>', '?', 'C', 'G']",Attempting to decrypt data partition or user data via command line.\nAttempting to decrypt FBE for user 0...\nFailed to decrypt user 0\n,
2023-06-20 01:01:21,"[20, 15, 10, 5, 0, 1, 2, 3, 4, 8, 7, 11, 12, 13, 14, 18, 22, 17]","['E', '@', ';', '5', '0', '1', '2', '3', '4', '8', '7', '<', '=', '>', '?', 'C', 'G', 'B']",Attempting to decrypt data partition or user data via command line.\nAttempting to decrypt FBE for user 0...\nFailed to decrypt user 0\n,
2023-06-20 01:01:33,"[20, 15, 10, 5, 0, 1, 2, 3, 4, 8, 7, 11, 12, 13, 14, 18, 22, 17, 23]","['E', '@', ';', '5', '0', '1', '2', '3', '4', '8', '7', '<', '=', '>', '?', 'C', 'G', 'B', 'H']",Attempting to decrypt data partition or user data via command line.\nAttempting to decrypt FBE for user 0...\nFailed to decrypt user 0\n,
2023-06-20 01:01:44,"[20, 15, 10, 5, 0, 1, 2, 3, 4, 8, 7, 11, 12, 13, 14, 18, 22, 17, 23, 19]","['E', '@', ';', '5', '0', '1', '2', '3', '4', '8', '7', '<', '=', '>', '?', 'C', 'G', 'B', 'H', 'D']",Attempting to decrypt data partition or user data via command line.\nAttempting to decrypt FBE for user 0...\nFailed to decrypt user 0\n,
2023-06-20 01:01:56,"[20, 15, 10, 5, 0, 1, 2, 3, 4, 8, 7, 11, 12, 13, 14, 18, 22, 17, 23, 19, 24]","['E', '@', ';', '5', '0', '1', '2', '3', '4', '8', '7', '<', '=', '>', '?', 'C', 'G', 'B', 'H', 'D', 'I']",Attempting to decrypt data partition or user data via command line.\nAttempting to decrypt FBE for user 0...\nFailed to decrypt user 0\n,
2023-06-20 01:02:09,"[20, 15, 10, 5, 0, 1, 2, 3, 4, 8, 7, 11, 12, 13, 14, 18, 22, 17, 23, 24]","['E', '@', ';', '5', '0', '1', '2', '3', '4', '8', '7', '<', '=', '>', '?', 'C', 'G', 'B', 'H', 'I']",Attempting to decrypt data partition or user data via command line.\nAttempting to decrypt FBE for user 0...\nFailed to decrypt user 0\n,
2023-06-20 01:02:21,"[20, 15, 10, 5, 0, 1, 2, 3, 4, 8, 7, 11, 12, 13, 14, 18, 22, 17, 23, 24, 19]","['E', '@', ';', '5', '0', '1', '2', '3', '4', '8', '7', '<', '=', '>', '?', 'C', 'G', 'B', 'H', 'I', 'D']",Attempting to decrypt data partition or user data via command line.\nAttempting to decrypt FBE for user 0...\nFailed to decrypt user 0\n,
2023-06-20 01:02:32,"[20, 15, 10, 5, 0, 1, 2, 3, 4, 8, 7, 11, 12, 13, 14, 18, 22, 23]","['E', '@', ';', '5', '0', '1', '2', '3', '4', '8', '7', '<', '=', '>', '?', 'C', 'G', 'H']",Attempting to decrypt data partition or user data via command line.\nAttempting to decrypt FBE for user 0...\nFailed to decrypt user 0\n,
2023-06-20 01:02:45,"[20, 15, 10, 5, 0, 1, 2, 3, 4, 8, 7, 11, 12, 13, 14, 18, 22, 23, 17]","['E', '@', ';', '5', '0', '1', '2', '3', '4', '8', '7', '<', '=', '>', '?', 'C', 'G', 'H', 'B']",Attempting to decrypt data partition or user data via command line.\nAttempting to decrypt FBE for user 0...\nFailed to decrypt user 0\n,
2023-06-20 01:02:57,"[20, 15, 10, 5, 0, 1, 2, 3, 4, 8, 7, 11, 12, 13, 14, 18, 22, 23, 19]","['E', '@', ';', '5', '0', '1', '2', '3', '4', '8', '7', '<', '=', '>', '?', 'C', 'G', 'H', 'D']",Attempting to decrypt data partition or user data via command line.\nAttempting to decrypt FBE for user 0...\nFailed to decrypt user 0\n,
2023-06-20 01:03:09,"[20, 15, 10, 5, 0, 1, 2, 3, 4, 8, 7, 11, 12, 13, 14, 18, 22, 23, 19, 24]","['E', '@', ';', '5', '0', '1', '2', '3', '4', '8', '7', '<', '=', '>', '?', 'C', 'G', 'H', 'D', 'I']",Attempting to decrypt data partition or user data via command line.\nAttempting to decrypt FBE for user 0...\nFailed to decrypt user 0\n,
2023-06-20 01:03:21,"[20, 15, 10, 5, 0, 1, 2, 3, 4, 8, 7, 11, 12, 13, 14, 18, 22, 23, 24]","['E', '@', ';', '5', '0', '1', '2', '3', '4', '8', '7', '<', '=', '>', '?', 'C', 'G', 'H', 'I']",Attempting to decrypt data partition or user data via command line.\nAttempting to decrypt FBE for user 0...\nFailed to decrypt user 0\n,
2023-06-20 01:03:32,"[20, 15, 10, 5, 0, 1, 2, 3, 4, 8, 7, 11, 12, 13, 14, 18, 22, 23, 24, 19]","['E', '@', ';', '5', '0', '1', '2', '3', '4', '8', '7', '<', '=', '>', '?', 'C', 'G', 'H', 'I', 'D']",Attempting to decrypt data partition or user data via command line.\nAttempting to decrypt FBE for user 0...\nFailed to decrypt user 0\n,
2023-06-20 01:03:45,"[20, 15, 10, 5, 0, 1, 2, 3, 4, 8, 7, 11, 12, 13, 14, 18, 23]","['E', '@', ';', '5', '0', '1', '2', '3', '4', '8', '7', '<', '=', '>', '?', 'C', 'H']",Attempting to decrypt data partition or user data via command line.\nAttempting to decrypt FBE for user 0...\nFailed to decrypt user 0\n,
2023-06-20 01:03:56,"[20, 15, 10, 5, 0, 1, 2, 3, 4, 8, 7, 11, 12, 13, 14, 18, 23, 17]","['E', '@', ';', '5', '0', '1', '2', '3', '4', '8', '7', '<', '=', '>', '?', 'C', 'H', 'B']",Attempting to decrypt data partition or user data via command line.\nAttempting to decrypt FBE for user 0...\nFailed to decrypt user 0\n,
2023-06-20 01:05:07,"[20, 15, 10, 5, 0]","['E', '@', ';', '5', '0']",Attempting to decrypt data partition or user data via command line.\nAttempting to decrypt FBE for user 0...\nFailed to decrypt user 0\n,
