timestamp,path,result
2024-01-07 20:25:36,"[1, 2, 3, 5]","CompletedProcess(args=['adb', 'shell', 'twrp', 'decrypt', '[1, 2, 3, 5]'], returncode=0, stdout='Attempting to decrypt data partition or user data via command line.\nFailed to decrypt data.\n', stderr='')",Attempting to decrypt data partition or user data via command line.\nFailed to decrypt data.\n
2024-01-07 20:26:27,"[1, 2, 3, 5]","CompletedProcess(args=['adb', 'shell', 'twrp', 'decrypt', '[1, 2, 3, 5]'], returncode=0, stdout='Attempting to decrypt data partition or user data via command line.\nFailed to decrypt data.\n', stderr='')",Attempting to decrypt data partition or user data via command line.\nFailed to decrypt data.\n
2024-01-07 20:27:42,"[1, 2, 3, 5]","CompletedProcess(args=['adb', 'shell', 'twrp', 'decrypt', '[1, 2, 3, 5]'], returncode=0, stdout='Attempting to decrypt data partition or user data via command line.\nFailed to decrypt data.\n', stderr='')",Attempting to decrypt data partition or user data via command line.\nFailed to decrypt data.\n
2024-01-07 20:28:25,"[1, 2, 3, 5]","CompletedProcess(args=['adb', 'shell', 'twrp', 'decrypt', '[1, 2, 3, 5]'], returncode=0, stdout='Attempting to decrypt data partition or user data via command line.\nFailed to decrypt data.\n', stderr='')",Attempting to decrypt data partition or user data via command line.\nFailed to decrypt data.\n
2024-01-07 20:28:33,"[1, 2, 3, 5]","CompletedProcess(args=['adb', 'shell', 'twrp', 'decrypt', '[1, 2, 3, 5]'], returncode=0, stdout='Attempting to decrypt data partition or user data via command line.\nFailed to decrypt data.\n', stderr='')",Attempting to decrypt data partition or user data via command line.\nFailed to decrypt data.\n
2024-01-07 20:29:59,"[1, 2, 3, 5]","CompletedProcess(args=['adb', 'shell', 'twrp', 'decrypt', '[1, 2, 3, 5]'], returncode=0, stdout='Attempting to decrypt data partition or user data via command line.\nFailed to decrypt data.\n', stderr='')",Attempting to decrypt data partition or user data via command line.\nFailed to decrypt data.\n
2024-01-08 00:08:54,"[1, 2, 3]","CompletedProcess(args=['adb', 'shell', 'twrp', 'decrypt', '[1, 2, 3]'], returncode=0, stdout='Attempting to decrypt data partition or user data via command line.\nFailed to decrypt data.\n', stderr='')",Attempting to decrypt data partition or user data via command line.\nFailed to decrypt data.\n
2024-01-08 00:14:03,"[1, 2, 3]","CompletedProcess(args=['adb', 'shell', 'twrp', 'decrypt', '[1, 2, 3]'], returncode=0, stdout='Attempting to decrypt data partition or user data via command line.\nFailed to decrypt data.\n', stderr='')",Attempting to decrypt data partition or user data via command line.\nFailed to decrypt data.\n
2024-01-08 00:14:54,"[1, 2, 3]","CompletedProcess(args=['adb', 'shell', 'twrp', 'decrypt', '[1, 2, 3]'], returncode=0, stdout='Attempting to decrypt data partition or user data via command line.\nFailed to decrypt data.\n', stderr='')",Attempting to decrypt data partition or user data via command line.\nFailed to decrypt data.\n
2024-01-08 00:16:36,"[1, 2, 3]","CompletedProcess(args=['adb', 'shell', 'twrp', 'decrypt', '[1, 2, 3]'], returncode=0, stdout='Attempting to decrypt data partition or user data via command line.\nFailed to decrypt data.\n', stderr='')",Attempting to decrypt data partition or user data via command line.\nFailed to decrypt data.\n
2024-01-08 00:16:57,"[1, 2, 3]","CompletedProcess(args=['adb', 'shell', 'twrp', 'decrypt', '[1, 2, 3]'], returncode=0, stdout='Attempting to decrypt data partition or user data via command line.\nFailed to decrypt data.\n', stderr='')",Attempting to decrypt data partition or user data via command line.\nFailed to decrypt data.\n
2024-01-08 00:17:11,"[1, 2, 3]","CompletedProcess(args=['adb', 'shell', 'twrp', 'decrypt', '[1, 2, 3]'], returncode=0, stdout='Attempting to decrypt data partition or user data via command line.\nFailed to decrypt data.\n', stderr='')",Attempting to decrypt data partition or user data via command line.\nFailed to decrypt data.\n
2024-01-08 00:29:11,"[1, 2, 3]","CompletedProcess(args=['adb', 'shell', 'twrp', 'decrypt', '[1, 2, 3]'], returncode=0, stdout='Attempting to decrypt data partition or user data via command line.\nFailed to decrypt data.\n', stderr='')",Attempting to decrypt data partition or user data via command line.\nFailed to decrypt data.\n
2024-01-08 00:29:20,"[1, 2, 3]","CompletedProcess(args=['adb', 'shell', 'twrp', 'decrypt', '[1, 2, 3]'], returncode=0, stdout='Attempting to decrypt data partition or user data via command line.\nFailed to decrypt data.\n', stderr='')",Attempting to decrypt data partition or user data via command line.\nFailed to decrypt data.\n
2024-01-08 00:32:51,"[1, 2, 3]","CompletedProcess(args=['adb', 'shell', 'twrp', 'decrypt', ""'[1, 2, 3]'""], returncode=0, stdout='Attempting to decrypt data partition or user data via command line.\nFailed to decrypt data.\n', stderr='')",Attempting to decrypt data partition or user data via command line.\nFailed to decrypt data.\n
2024-01-08 00:32:58,"[1, 2, 3]","CompletedProcess(args=['adb', 'shell', 'twrp', 'decrypt', ""'[1, 2, 3]'""], returncode=0, stdout='Attempting to decrypt data partition or user data via command line.\nFailed to decrypt data.\n', stderr='')",Attempting to decrypt data partition or user data via command line.\nFailed to decrypt data.\n
2024-01-08 00:33:35,"[1, 2, 3]","CompletedProcess(args=['adb', 'shell', 'twrp', 'decrypt', ""'[1, 2, 3]'""], returncode=0, stdout='Attempting to decrypt data partition or user data via command line.\nFailed to decrypt data.\n', stderr='')",Attempting to decrypt data partition or user data via command line.\nFailed to decrypt data.\n
2024-01-08 00:36:27,"[1, 2, 3]","CompletedProcess(args=['adb', 'shell', 'twrp', 'decrypt', '123'], returncode=0, stdout='Attempting to decrypt data partition or user data via command line.\nFailed to decrypt data.\n', stderr='')",Attempting to decrypt data partition or user data via command line.\nFailed to decrypt data.\n
2024-01-08 00:37:07,"[1, 2, 3]","CompletedProcess(args=['adb', 'shell', 'twrp', 'decrypt', '123'], returncode=0, stdout='Attempting to decrypt data partition or user data via command line.\nFailed to decrypt data.\n', stderr='')",Attempting to decrypt data partition or user data via command line.\nFailed to decrypt data.\n
2024-01-08 00:40:13,"[1, 2, 3]","CompletedProcess(args=['adb', 'shell', 'twrp', 'decrypt', '123'], returncode=0, stdout='Attempting to decrypt data partition or user data via command line.\nFailed to decrypt data.\n', stderr='')",Attempting to decrypt data partition or user data via command line.\nFailed to decrypt data.\n
2024-01-08 00:40:45,"[1, 2, 3]","CompletedProcess(args=['adb', 'shell', 'twrp', 'decrypt', '123'], returncode=0, stdout='Attempting to decrypt data partition or user data via command line.\nFailed to decrypt data.\n', stderr='')",Attempting to decrypt data partition or user data via command line.\nFailed to decrypt data.\n
2024-01-08 00:45:50,"[1, 2, 3]","CompletedProcess(args=['adb', 'shell', 'twrp', 'decrypt', '123'], returncode=0, stdout='Attempting to decrypt data partition or user data via command line.\nFailed to decrypt data.\n', stderr='')",Attempting to decrypt data partition or user data via command line.\nFailed to decrypt data.\n
2024-01-08 00:46:48,"[1, 2, 3]","CompletedProcess(args=['adb', 'shell', 'twrp', 'decrypt', '123'], returncode=0, stdout='Attempting to decrypt data partition or user data via command line.\nFailed to decrypt data.\n', stderr='')",Attempting to decrypt data partition or user data via command line.\nFailed to decrypt data.\n
2024-01-08 00:48:30,"[1, 2, 3]","CompletedProcess(args=['adb', 'shell', 'twrp', 'decrypt', '123'], returncode=0, stdout='Attempting to decrypt data partition or user data via command line.\nFailed to decrypt data.\n', stderr='')",Attempting to decrypt data partition or user data via command line.\nFailed to decrypt data.\n
2024-01-08 00:50:15,"[1, 2, 3]","CompletedProcess(args=['adb', 'shell', 'twrp', 'decrypt', '123'], returncode=0, stdout='Attempting to decrypt data partition or user data via command line.\nFailed to decrypt data.\n', stderr='')",Attempting to decrypt data partition or user data via command line.\nFailed to decrypt data.\n
2024-01-08 00:53:39,"[1, 2, 3]","CompletedProcess(args=['adb', 'shell', 'twrp', 'decrypt', '123'], returncode=0, stdout='Attempting to decrypt data partition or user data via command line.\nFailed to decrypt data.\n', stderr='')",Attempting to decrypt data partition or user data via command line.\nFailed to decrypt data.\n
2024-01-08 00:53:53,"[1, 2, 3]","CompletedProcess(args=['adb', 'shell', 'twrp', 'decrypt', '123'], returncode=0, stdout='Attempting to decrypt data partition or user data via command line.\nFailed to decrypt data.\n', stderr='')",Attempting to decrypt data partition or user data via command line.\nFailed to decrypt data.\n
2024-01-08 00:54:47,"[1, 2, 3]","CompletedProcess(args=['adb', 'shell', 'twrp', 'decrypt', '123'], returncode=0, stdout='Attempting to decrypt data partition or user data via command line.\nFailed to decrypt data.\n', stderr='')",Attempting to decrypt data partition or user data via command line.\nFailed to decrypt data.\n
2024-01-08 00:54:59,"[1, 2, 4]","CompletedProcess(args=['adb', 'shell', 'twrp', 'decrypt', '124'], returncode=0, stdout='Attempting to decrypt data partition or user data via command line.\nFailed to decrypt data.\n', stderr='')",Attempting to decrypt data partition or user data via command line.\nFailed to decrypt data.\n
2024-01-08 00:55:12,"[1, 2, 5]","CompletedProcess(args=['adb', 'shell', 'twrp', 'decrypt', '125'], returncode=0, stdout='Attempting to decrypt data partition or user data via command line.\nFailed to decrypt data.\n', stderr='')",Attempting to decrypt data partition or user data via command line.\nFailed to decrypt data.\n
2024-01-08 00:55:40,"[1, 2, 3]","CompletedProcess(args=['adb', 'shell', 'twrp', 'decrypt', '123'], returncode=0, stdout='Attempting to decrypt data partition or user data via command line.\nFailed to decrypt data.\n', stderr='')",Attempting to decrypt data partition or user data via command line.\nFailed to decrypt data.\n
2024-01-08 00:55:52,"[1, 2, 4]","CompletedProcess(args=['adb', 'shell', 'twrp', 'decrypt', '124'], returncode=0, stdout='Attempting to decrypt data partition or user data via command line.\nFailed to decrypt data.\n', stderr='')",Attempting to decrypt data partition or user data via command line.\nFailed to decrypt data.\n
2024-01-08 00:56:05,"[1, 2, 5]","CompletedProcess(args=['adb', 'shell', 'twrp', 'decrypt', '125'], returncode=0, stdout='Attempting to decrypt data partition or user data via command line.\nFailed to decrypt data.\n', stderr='')",Attempting to decrypt data partition or user data via command line.\nFailed to decrypt data.\n
2024-01-08 01:00:38,"[1, 2, 3]","CompletedProcess(args=['adb', 'shell', 'twrp', 'decrypt', '123'], returncode=0, stdout='Attempting to decrypt data partition or user data via command line.\nFailed to decrypt data.\n', stderr='')",Attempting to decrypt data partition or user data via command line.\nFailed to decrypt data.\n
2024-01-08 01:00:50,"[1, 2, 3]","CompletedProcess(args=['adb', 'shell', 'twrp', 'decrypt', '123'], returncode=0, stdout='Attempting to decrypt data partition or user data via command line.\nFailed to decrypt data.\n', stderr='')",Attempting to decrypt data partition or user data via command line.\nFailed to decrypt data.\n
2024-01-08 01:01:50,"[1, 2, 3]","CompletedProcess(args=['adb', 'shell', 'twrp', 'decrypt', '123'], returncode=0, stdout='Attempting to decrypt data partition or user data via command line.\nFailed to decrypt data.\n', stderr='')",Attempting to decrypt data partition or user data via command line.\nFailed to decrypt data.\n
2024-01-08 01:02:02,"[1, 2, 4]","CompletedProcess(args=['adb', 'shell', 'twrp', 'decrypt', '124'], returncode=0, stdout='Attempting to decrypt data partition or user data via command line.\nFailed to decrypt data.\n', stderr='')",Attempting to decrypt data partition or user data via command line.\nFailed to decrypt data.\n
2024-01-08 01:02:16,"[1, 2, 3]","CompletedProcess(args=['adb', 'shell', 'twrp', 'decrypt', '123'], returncode=0, stdout='Attempting to decrypt data partition or user data via command line.\nFailed to decrypt data.\n', stderr='')",Attempting to decrypt data partition or user data via command line.\nFailed to decrypt data.\n
2024-01-08 01:02:26,"[1, 2, 3]","CompletedProcess(args=['adb', 'shell', 'twrp', 'decrypt', '123'], returncode=0, stdout='Attempting to decrypt data partition or user data via command line.\nFailed to decrypt data.\n', stderr='')",Attempting to decrypt data partition or user data via command line.\nFailed to decrypt data.\n
2024-01-08 01:02:38,"[1, 2, 4]","CompletedProcess(args=['adb', 'shell', 'twrp', 'decrypt', '124'], returncode=0, stdout='Attempting to decrypt data partition or user data via command line.\nFailed to decrypt data.\n', stderr='')",Attempting to decrypt data partition or user data via command line.\nFailed to decrypt data.\n
2024-01-08 01:02:51,"[1, 2, 5]","CompletedProcess(args=['adb', 'shell', 'twrp', 'decrypt', '125'], returncode=0, stdout='Attempting to decrypt data partition or user data via command line.\nFailed to decrypt data.\n', stderr='')",Attempting to decrypt data partition or user data via command line.\nFailed to decrypt data.\n
2024-01-08 01:03:03,"[1, 2, 6]","CompletedProcess(args=['adb', 'shell', 'twrp', 'decrypt', '126'], returncode=0, stdout='Attempting to decrypt data partition or user data via command line.\nFailed to decrypt data.\n', stderr='')",Attempting to decrypt data partition or user data via command line.\nFailed to decrypt data.\n
2024-01-08 01:03:16,"[1, 4, 2]","CompletedProcess(args=['adb', 'shell', 'twrp', 'decrypt', '142'], returncode=0, stdout='Attempting to decrypt data partition or user data via command line.\nFailed to decrypt data.\n', stderr='')",Attempting to decrypt data partition or user data via command line.\nFailed to decrypt data.\n
2024-01-08 01:03:28,"[1, 4, 5]","CompletedProcess(args=['adb', 'shell', 'twrp', 'decrypt', '145'], returncode=0, stdout='Attempting to decrypt data partition or user data via command line.\nFailed to decrypt data.\n', stderr='')",Attempting to decrypt data partition or user data via command line.\nFailed to decrypt data.\n
2024-01-08 01:03:41,"[1, 4, 7]","CompletedProcess(args=['adb', 'shell', 'twrp', 'decrypt', '147'], returncode=0, stdout='Attempting to decrypt data partition or user data via command line.\nFailed to decrypt data.\n', stderr='')",Attempting to decrypt data partition or user data via command line.\nFailed to decrypt data.\n
2024-01-08 01:03:55,"[1, 4, 8]","CompletedProcess(args=['adb', 'shell', 'twrp', 'decrypt', '148'], returncode=0, stdout='Attempting to decrypt data partition or user data via command line.\nFailed to decrypt data.\n', stderr='')",Attempting to decrypt data partition or user data via command line.\nFailed to decrypt data.\n
2024-01-08 01:04:08,"[1, 5, 2]","CompletedProcess(args=['adb', 'shell', 'twrp', 'decrypt', '152'], returncode=0, stdout='Attempting to decrypt data partition or user data via command line.\nFailed to decrypt data.\n', stderr='')",Attempting to decrypt data partition or user data via command line.\nFailed to decrypt data.\n
2024-01-08 01:04:21,"[1, 5, 3]","CompletedProcess(args=['adb', 'shell', 'twrp', 'decrypt', '153'], returncode=0, stdout='Attempting to decrypt data partition or user data via command line.\nFailed to decrypt data.\n', stderr='')",Attempting to decrypt data partition or user data via command line.\nFailed to decrypt data.\n
2024-01-08 01:04:33,"[1, 5, 4]","CompletedProcess(args=['adb', 'shell', 'twrp', 'decrypt', '154'], returncode=0, stdout='Attempting to decrypt data partition or user data via command line.\nFailed to decrypt data.\n', stderr='')",Attempting to decrypt data partition or user data via command line.\nFailed to decrypt data.\n
2024-01-08 01:04:46,"[1, 5, 6]","CompletedProcess(args=['adb', 'shell', 'twrp', 'decrypt', '156'], returncode=0, stdout='Attempting to decrypt data partition or user data via command line.\nFailed to decrypt data.\n', stderr='')",Attempting to decrypt data partition or user data via command line.\nFailed to decrypt data.\n
2024-01-08 01:04:59,"[1, 5, 7]","CompletedProcess(args=['adb', 'shell', 'twrp', 'decrypt', '157'], returncode=0, stdout='Attempting to decrypt data partition or user data via command line.\nFailed to decrypt data.\n', stderr='')",Attempting to decrypt data partition or user data via command line.\nFailed to decrypt data.\n
2024-01-08 01:05:11,"[1, 5, 8]","CompletedProcess(args=['adb', 'shell', 'twrp', 'decrypt', '158'], returncode=0, stdout='Attempting to decrypt data partition or user data via command line.\nFailed to decrypt data.\n', stderr='')",Attempting to decrypt data partition or user data via command line.\nFailed to decrypt data.\n
2024-01-08 01:05:24,"[1, 5, 9]","CompletedProcess(args=['adb', 'shell', 'twrp', 'decrypt', '159'], returncode=0, stdout='Attempting to decrypt data partition or user data via command line.\nFailed to decrypt data.\n', stderr='')",Attempting to decrypt data partition or user data via command line.\nFailed to decrypt data.\n
2024-01-08 01:05:37,"[2, 1, 4]","CompletedProcess(args=['adb', 'shell', 'twrp', 'decrypt', '214'], returncode=0, stdout='Attempting to decrypt data partition or user data via command line.\nFailed to decrypt data.\n', stderr='')",Attempting to decrypt data partition or user data via command line.\nFailed to decrypt data.\n
2024-01-08 01:05:50,"[2, 1, 5]","CompletedProcess(args=['adb', 'shell', 'twrp', 'decrypt', '215'], returncode=0, stdout='Attempting to decrypt data partition or user data via command line.\nFailed to decrypt data.\n', stderr='')",Attempting to decrypt data partition or user data via command line.\nFailed to decrypt data.\n
2024-01-08 01:06:02,"[2, 3, 5]","CompletedProcess(args=['adb', 'shell', 'twrp', 'decrypt', '235'], returncode=0, stdout='', stderr='')",
2024-01-08 01:08:25,"[1, 2, 3]","CompletedProcess(args=['adb', 'shell', 'twrp', 'decrypt', '123'], returncode=0, stdout='Attempting to decrypt data partition or user data via command line.\nFailed to decrypt data.\n', stderr='')",Attempting to decrypt data partition or user data via command line.\nFailed to decrypt data.\n
2024-01-08 01:08:48,"[1, 2, 3]","CompletedProcess(args=['adb', 'shell', 'twrp', 'decrypt', '123'], returncode=0, stdout='Attempting to decrypt data partition or user data via command line.\nFailed to decrypt data.\n', stderr='')",Attempting to decrypt data partition or user data via command line.\nFailed to decrypt data.\n
2024-01-08 01:09:00,"[1, 2, 3, 5]","CompletedProcess(args=['adb', 'shell', 'twrp', 'decrypt', '1235'], returncode=0, stdout='Attempting to decrypt data partition or user data via command line.\nFailed to decrypt data.\n', stderr='')",Attempting to decrypt data partition or user data via command line.\nFailed to decrypt data.\n
2024-01-08 01:09:05,"[1, 2, 3]","CompletedProcess(args=['adb', 'shell', 'twrp', 'decrypt', '123'], returncode=0, stdout='Attempting to decrypt data partition or user data via command line.\nFailed to decrypt data.\n', stderr='')",Attempting to decrypt data partition or user data via command line.\nFailed to decrypt data.\n
2024-01-08 01:09:18,"[1, 2, 3, 5]","CompletedProcess(args=['adb', 'shell', 'twrp', 'decrypt', '1235'], returncode=0, stdout='Attempting to decrypt data partition or user data via command line.\nFailed to decrypt data.\n', stderr='')",Attempting to decrypt data partition or user data via command line.\nFailed to decrypt data.\n
2024-01-08 01:09:27,"[1, 2, 3]","CompletedProcess(args=['adb', 'shell', 'twrp', 'decrypt', '123'], returncode=0, stdout='Attempting to decrypt data partition or user data via command line.\nFailed to decrypt data.\n', stderr='')",Attempting to decrypt data partition or user data via command line.\nFailed to decrypt data.\n
2024-01-08 01:09:40,"[1, 2, 3, 5]","CompletedProcess(args=['adb', 'shell', 'twrp', 'decrypt', '1235'], returncode=0, stdout='Attempting to decrypt data partition or user data via command line.\nFailed to decrypt data.\n', stderr='')",Attempting to decrypt data partition or user data via command line.\nFailed to decrypt data.\n
2024-01-08 01:09:53,"[1, 2, 3, 5, 4]","CompletedProcess(args=['adb', 'shell', 'twrp', 'decrypt', '12354'], returncode=0, stdout='Attempting to decrypt data partition or user data via command line.\nFailed to decrypt data.\n', stderr='')",Attempting to decrypt data partition or user data via command line.\nFailed to decrypt data.\n
2024-01-08 01:10:06,"[1, 2, 3, 5, 4, 7]","CompletedProcess(args=['adb', 'shell', 'twrp', 'decrypt', '123547'], returncode=0, stdout='Attempting to decrypt data partition or user data via command line.\nFailed to decrypt data.\n', stderr='')",Attempting to decrypt data partition or user data via command line.\nFailed to decrypt data.\n
2024-01-08 01:10:19,"[1, 2, 3, 5, 4, 7, 8]","CompletedProcess(args=['adb', 'shell', 'twrp', 'decrypt', '1235478'], returncode=0, stdout='Attempting to decrypt data partition or user data via command line.\nFailed to decrypt data.\n', stderr='')",Attempting to decrypt data partition or user data via command line.\nFailed to decrypt data.\n
2024-01-08 01:10:32,"[1, 2, 3, 5, 4, 7, 8, 6]","CompletedProcess(args=['adb', 'shell', 'twrp', 'decrypt', '12354786'], returncode=0, stdout='Attempting to decrypt data partition or user data via command line.\nFailed to decrypt data.\n', stderr='')",Attempting to decrypt data partition or user data via command line.\nFailed to decrypt data.\n
2024-01-08 01:10:44,"[1, 2, 3, 5, 4, 7, 8, 6, 9]","CompletedProcess(args=['adb', 'shell', 'twrp', 'decrypt', '123547869'], returncode=0, stdout='Attempting to decrypt data partition or user data via command line.\nFailed to decrypt data.\n', stderr='')",Attempting to decrypt data partition or user data via command line.\nFailed to decrypt data.\n
2024-01-08 01:10:57,"[1, 2, 3, 5, 4, 7, 8, 9]","CompletedProcess(args=['adb', 'shell', 'twrp', 'decrypt', '12354789'], returncode=0, stdout='Attempting to decrypt data partition or user data via command line.\nFailed to decrypt data.\n', stderr='')",Attempting to decrypt data partition or user data via command line.\nFailed to decrypt data.\n
2024-01-08 01:11:10,"[1, 2, 3, 5, 4, 7, 8, 9, 6]","CompletedProcess(args=['adb', 'shell', 'twrp', 'decrypt', '123547896'], returncode=0, stdout='Attempting to decrypt data partition or user data via command line.\nFailed to decrypt data.\n', stderr='')",Attempting to decrypt data partition or user data via command line.\nFailed to decrypt data.\n
2024-01-08 01:11:23,"[1, 2, 3, 5, 4, 8]","CompletedProcess(args=['adb', 'shell', 'twrp', 'decrypt', '123548'], returncode=0, stdout='Attempting to decrypt data partition or user data via command line.\nFailed to decrypt data.\n', stderr='')",Attempting to decrypt data partition or user data via command line.\nFailed to decrypt data.\n
2024-01-08 01:11:36,"[1, 2, 3, 5, 4, 8, 6]","CompletedProcess(args=['adb', 'shell', 'twrp', 'decrypt', '1235486'], returncode=0, stdout='Attempting to decrypt data partition or user data via command line.\nFailed to decrypt data.\n', stderr='')",Attempting to decrypt data partition or user data via command line.\nFailed to decrypt data.\n
2024-01-08 01:11:49,"[1, 2, 3, 5, 4, 8, 6, 9]","CompletedProcess(args=['adb', 'shell', 'twrp', 'decrypt', '12354869'], returncode=0, stdout='Attempting to decrypt data partition or user data via command line.\nFailed to decrypt data.\n', stderr='')",Attempting to decrypt data partition or user data via command line.\nFailed to decrypt data.\n
2024-01-08 01:12:02,"[1, 2, 3, 5, 4, 8, 7]","CompletedProcess(args=['adb', 'shell', 'twrp', 'decrypt', '1235487'], returncode=0, stdout='Attempting to decrypt data partition or user data via command line.\nFailed to decrypt data.\n', stderr='')",Attempting to decrypt data partition or user data via command line.\nFailed to decrypt data.\n
